"titulo";;;"letra";;;"artista"
"1";;;"Cinema Total";;;"Tudo está em guerra
Me pergunto como esse mar tão azul
Continua banhando a Terra

As vitrines da cidade
Iluminam as pessoas
E as ladeiras nesse fim de tarde

Eu vou passar na sua rua
Pra gente esquecer
As notícias da TV

E viver o nosso cinema
E na ausência de paz
Fico em paz, fico em paz

Tudo está em guerra
Me pergunto como esse mar tão azul
Continua banhando a Terra

As vitrines da cidade
Iluminam as pessoas
E as ladeiras nesse fim de tarde

Eu vou passar na sua rua
Pra gente esquecer
As notícias da TV
E viver o nosso cinema";;;"sophia"
"2";;;"Tempestade de Verão";;;"Se você me deixar
Nunca mais eu canto um dó
Se você me deixar
Nunca mais eu canto um dó

Nunca mais eu tenho do de ninguém
Nunca mais eu tomo Sol, por aí
Nunca mais eu passo lá pra te ver
Nunca mais você vai saber ou me ouvir

Desafinado, assoviando
Novas canções que eu ainda não acabei
Dentro do meu coração vai chover
Tempestade de verão

Será sempre escuridão
Se você abrir essa porta
Fechar a janela
Fazer as sacolas
Apagar as velas

Nunca mais vai fazer Sol, por aqui
Luz não brilha mais nesse coração
Já não posso assoviar dó, ré, mi
Mas eu sei que nunca mais vai fazer Sol, lá, sí

Você me deixar
Nunca mais eu canto um dó
Se você me deixar
Nunca mais eu canto um dó";;;"sophia"
"3";;;"NOVA ERA (part. Felipe Vaqueiro)";;;"Eu, eu quero ir embora
Não vou ficar pra ver
Esse fim de festa

Reviver o que restou do nosso amor
Pedir perdão
E acordar com você

Fazendo promessas
As mesmas que eu tanto acreditei
Você não mudou, eu não mudei

Não, você não merece o meu amor
E eu não mereço o seu
Esqueça meu nome, mude de bairro

Eu - eu quero ir embora
Eu não vou chorar
Dessa vez frase nenhuma vai me convencer porque

Ninguém vai vencer essa nossa guerra
Meu bem, meu amor, esse é o início de uma nova era

(Eu vou embora)

Eu, eu quero ir embora
Eu não vou chorar
Dessa vez, dessa vez eu não vou chorar
Eu não vou chorar
Eu não vou (não)
Você não merece o meu amor
E nunca mereceu";;;"sophia"
"4";;;"Viciado em carinho (part. Felipe Vaqueiro)";;;"Eu não quero ser só
Eu não tenho mais gás
O nosso disco arranhou
As capas seguem iguais

Porque eu não quero muito
Só quero o tempo todo
Ser o seu assunto
E nunca mais ficar solto

Sozinho, sozinho
Sozinho, sozinho

Veja bem, eu não quero ser só (mais)
Eu não tenho mais gás
O nosso filme queimou
E ainda segue em cartaz

Porque eu não quero muito
Só quero o tempo todo
Ser o seu assunto
E nunca mais ficar solto

Sozinho, sozinho (sozinho)
Sozinho, sozinho
Não quero ficar sozinho
Só viciado em carinho

Eu não quero ser só
Eu não tenho mais gás
O nosso disco queimou
E ainda segue em cartaz

Eu não quero
Só quero o tempo todo
Ser o seu assunto
E nunca mais ficar solto

Sozinho, sozinho (sozinho)
Sozinho, sozinho";;;"sophia"
"5";;;"Segredo";;;"Olha no meio da minha cara
Não vê que não há nada a esconder
Me engole, me fode que eu sou sua
Me engana, diz que eu presto
Ou que você
Quer saber dos equinócios
Quer ouvir os violinos líquidos

Olha no meio da minha cara
Não vê que não há nada a esconder
Me engole, me fode que eu sou sua
Me engana, diz que eu presto
Ou que você
Quer saber dos equinócios
Quer ouvir os violinos líquidos

Mas se você quiser
Eu viro um segredo seu
Não faço barulho nem chamo atenção de ninguém

Mas se você quiser
Eu viro um segredo seu
Não faço barulho nem chamo atenção de ninguém

Olha no meio da minha cara
Não vê que não há nada a esconder
Me engole, me fode que eu sou sua
Me engana, diz que eu presto
Ou que você
Quer saber dos equinócios
Quero ouvir os violinos líquidos

Mas se você quiser
Eu viro um segredo seu
Não faço barulho nem chamo atenção de ninguém

Mas se você quiser
Eu viro um segredo seu
Não faço barulho nem chamo atenção de ninguém";;;"sophia"
"6";;;"Hexagrama 28";;;"Primeiro você me disse eu não sou quieto não
Durmo e acordo e vivo e como com minhas inquietações calado
Pra onde ir? Pra que ficar?
E se voltar e se partir, e eu concordei
Quem sou pra discordar

Segundo meu iching hexagrama 28
Eu parto o mundo, eu parto o todo, eu pego o meu, eu disse a você
Que o mundo é seu
Mas você não me entende
E eu também não me entendo
Eu sou frágil pra caralho

Vamos recorrer aos tarôs, ao passado do amor, às fissuras
Do que restou mas nada está aqui
E que nós somos dois meninos
Sem signo sem sentido sem direção
Sem perigo
Os nossos corpos são tão estranhos e inofensivos

Nem se eu quisesse conseguiria ofender qualquer um agora
Pela noite adentro pela noite afora
Moro na porta da minha paixão pela vida
E essa música não tem nada a ver com amor
Com amor, eu
Moro na toca da minha paixão pela vida
E essa música não tem nada a ver com amor
Eu moro na toca da minha paixão pela vida
Pela vida
E essa música não tem nada a ver com amor
(Com amor, eu)
Primeiro você me disse eu não sou quieto não";;;"sophia"
"7";;;"Venha Comigo";;;"Vou sumir com o tempo
Pra dar tempo da gente ficar
Nessa coisa, nesse jogo
Entre o corpo e a poética

Vou fazer dormir as horas
Colocar Deus pra descansar
Hoje não tem expediente
Sejamos imprudentes, vamos pro Ceará

Vou sumir com o tempo
Pra dar tempo da gente ficar
Nessa coisa, nesse jogo
Entre o corpo e a poética

Vou fazer dormir as horas
Colocar Deus pra descansar
Hoje não tem expediente
Sejamos imprudentes, vamos pro Ceará

Isso é um sequestro
Sou réu confesso
Venha comigo
Sou seu amigo
Suba no meu carro
Fume um cigarro
Apague as luzes

Vou sumir com o tempo
Pra dar tempo da gente ficar
Nessa coisa, nesse jogo
Entre o corpo e a poética

Vou fazer dormir as horas
Colocar Deus pra descansar
Hoje não tem expediente
Sejamos imprudentes, vamos pro Ceará

Vou sumir com o tempo
Pra dar tempo da gente ficar
Nessa coisa, nesse jogo
Entre o corpo e a poética

Vou fazer dormir as horas
Colocar Deus pra descansar
Hoje não tem expediente
Sejamos imprudentes, vamos pro Ceará
Isso é um sequestro

Sou réu confesso
Venha comigo
Sou seu amigo
Suba no meu carro
Fume um cigarro
Apague as luzes
E me seduza
Me tire a blusa
Me faça ver";;;"sophia"
"8";;;"Cinema Brasileiro";;;"O cinema brasileiro tá pegando fogo
E eu estou pegando fogo pelo cinema brasileiro
E o cinema brasileiro tá ficando velho
E eu quero envelhecer bem como o cinema brasileiro

E eu estou apaixonado por uma menina
Ela também é do cinema brasileiro
Eu beijaria o set inteiro
Só pra disfarçar

Gosto de você
Pra caralho
Como eu gosto de você

E o cinema brasileiro é foda pra caralho
E eu estou fudendo o cinema brasileiro
E o cinema brasileiro é lindo
E eu quero ser lindo tal qual o cinema brasileiro

E eu estou apaixonado por uma menina
Ela também é do cinema brasileiro
Eu beijaria o set inteiro
Só pra disfarçar

Gosto de você
Pra caralho
Como eu gosto de você";;;"sophia"
"9";;;"Debaixo do Pano";;;"Debaixo do pano, dentro da saia
O tempo não passa e não quer passar
O pano que cobre, a gente se olha
E finge não sacar
Que abaixo do céu tudo é chão
E acima do chão, tudo já pode ser
Parte do universo

Repeteco, remember
É coisa do tipo
Não vale insistir
No que tá muito mais alto
Do que o Cristo Redentor

Atrás do trio elétrico
No farol, frango assado
Pelas estradas dessa situação
Quando todos os semáforos estão verdes
E o Largo da Batata grita em comoção

Debaixo do pano, dentro da saia
O tempo não passa e não quer passar
O pano que cobre, a gente se olha
E finge não sacar
Que abaixo do céu tudo é chão
E acima do chão, tudo já pode ser
Parte do universo

Repeteco, remember
É coisa do tipo
Não vale insistir
No que tá muito mais alto
Do que o Circo Voador

Atrás do trio elétrico
No farol, frango assado
Pelas estradas dessa situação
Quando todos os semáforos estão verdes
E o Largo da Batata grita em comoção

O jeito que a gente se cabe
Esmaga a gente mesmo
Como se vivêssemos numa
Caixinha de fósforo

Que pode ser muito bom
Pode ser muito gostoso, mas
Mas, faz tão mal
Para os meus ossos

Debaixo do pano, dentro da saia
O tempo não passa e não quer passar
O pano que cobre, a gente se olha
E finge não sacar
Que abaixo do céu tudo é chão
E acima do chão, tudo já pode ser";;;"sophia"
"10";;;"Delícia / Luxúria";;;"O cheiro do carro
O motor vibrando delícia luxúria
Me resta o pecado
Se você não quer também não posso fazer nada por nós
Você me deforma
Como qualquer som que invade os meus ouvidos
Ou pulsa no cerne de cada ser um tema inaudível
O cheiro do carro
O motor vibrando delícia luxúria
Me resta o pecado
Se você não quer também não posso fazer nada por nós
Mas se quer
E não há nada que contenha que segure esse tesão

Minha vertigem, minha mágoa
Minha desculpa, meu resto de drão
O cheiro do carro
O motor vibrando delícia luxúria
Me resta o pecado
Se você não quer também não posso fazer nada por nós
Você me deforma
Como qualquer som que invade os meus ouvidos
Ou pulsa no cerne de cada ser um tema inaudível
O cheiro do carro
O motor vibrando delícia luxúria
Me resta o pecado
Se você não quer também não posso fazer nada por nós
Mas se quer
E não há nada que contenha que segure esse tesão
Minha vertigem, minha mágoa
Desculpa, meu resto de drão";;;"sophia"
"11";;;"Quem vai apagar a luz";;;"Quem, que vai apagar a luz
Quando o Sol explodir
Quem é que vai contar os cacos
E se um novo animal nascer, de dentro do homem nu
Quem vai chamar, família
Olho pra parede
Daquela construção, daquela rua
Entre meus dedos, olhos e a constatação
De coisa dura, há um vazio
Entre meus dedos, meu corpo, os fios de cabelo, pentelhos
Entre eu, ela, eles
Meu corpo, a cama, a cama, seu corpo
O fundo do poço e a poça, o gozo
As omeletes, memórias, mentiras
Fagulhas, pronomes, ets e caipiras

Quem, que vai apagar a luz
Quando o Sol explodir
Quem é que vai contar os cacos
E se um novo animal nascer, de dentro do homem nu
Quem vai chamar, família

Quem, que vai apagar a luz
Quando o Sol explodir
Quem é que vai contar os cacos";;;"sophia"
"12";;;"Idas e Vindas do Amor";;;"Não consigo mais fingir que tá
Tudo bem comigo
Não aguento mais ignorar
A falta que você me faz
Baby

São as idas e vindas do amor
São as idas e vindas do amor

Então melhor sofrer
Do que ser blasé
E fingir que nada
Me afeta
Que nada me afeta

Não consigo mais fingir que tá
Tudo bem comigo
Não aguento mais ignorar
A falta que você me faz
Baby

São as idas e vindas do amor
São as idas e vindas do amor
Baby";;;"sophia"
"13";;;"Madalena";;;"Ô Madalena
Esse teu jeito de brincar com o tempo
Me absorveu
Ô Madalena
Se ainda sobra o resto que sou
O resto é seu

Ela me provou
Que o tempo é invenção
Ela penetrou
O meu mistério com seus dedos de cigana
Vai embora como se nem tivesse vindo
Me agarra Madalena e sai fugindo

Ô Madalena
Esse teu jeito de brincar com o tempo
Me absorveu
Ô Madalena
Se ainda sobra o resto que sou
O resto é seu

Ela me provou
Que o tempo é invenção
Ela penetrou
O meu mistério com seus dedos de cigana
Vai embora como se nem tivesse vindo
Me agarra Madalena e sai fugindo

Ô Madalena
Esse teu jeito de brincar com o tempo
Me absorveu
Ô Madalena
Se ainda sobra o resto que sou
O resto é seu

Ela me provou
Que o tempo é invenção
Ela penetrou
O meu mistério com seus dedos de cigana
Vai embora como se nem tivesse vindo
Me agarra Madalena e sai fugindo
Vai embora como se nem tivesse vindo
Me agarra Madalena e sai fugindo

Ô Madalena aaaa
Ô Madalena aaaa
Ô Madalena aaaa
Ô Madalena aaaa
Vai embora como se nem tivesse vindo
Me agarra Madalena e sai fugindo
Vai embora como se nem tivesse vindo
Me agarra Madalena
Me agarra Madalena
Me agarra Madalena e sai fugindo.";;;"sophia"
"14";;;"Qualquer Canção";;;"Eu não vou fazer qualquer canção
Só pra dizer o que eu sinto agora
Vou ter que esperar alguém em algum lugar
Descobrir outra palavra

Eu não vou fazer qualquer canção
Só pra dizer o que eu sinto agora
Vou ter que esperar alguém em algum lugar
Descobrir outra palavra";;;"sophia"
"15";;;"Baby Míssil";;;"Dialética da nudez
Quanto mais me dispo, mais me visto
Você deve ter visto
Para viajar aos United States
Baby, I miss you
Quem vai segurar esse míssil
Fotografei todos os eclipses
Cobertos por nuvens ciganas
Cê não me engana não

São pontos de fuga num plano infinito
Fins e começos, memórias de lítio
A fonte da morte, o dia que parece não acabar
Vê se não se acaba
Vê se pode aparecer mais
(Mais, mais, mais)";;;"sophia"
"16";;;"Se Você";;;"Se você
Entendesse o que eu digo
O que eu choro
Meu amor, o que eu grito

Se você
Entendesse o que eu sou
Eu tenho certeza
Cê não ia ficar comigo

Mas como você não vê
Ou finge que não vê
Meu jeito visceral
Tão impulsivo
Nada fica claro
Tudo fica subentendido";;;"sophia"
"17";;;"Deus Tesão";;;"Se até Deus
Sentiu desejo pra criar a Terra
E transformar o abismo em matéria
Qual é o problema de eu sentir vontade?

Se até Deus
Sentiu desejo pra criar a Terra
Transformar o abismo em matéria
Qual é o problema de eu sentir vontade?

Não sei se fico, eu não sei se vou
Não sei se volto, eu não sei se vou
Não sei se fico, eu não sei se tô
Não sei se volto, eu não sei se vou

Laiá, laiá
(Laiá, laiá)
(Laiá, laiá, laiá, laiá, laiá)
(Laiá, laiá, laiá, laiá, laiá)
(Laiá) laiá, laiá, laiá, laiá

Laiá, laiá
Laiá, laiá, laiá, laiá, laiá, laiá, laiá
Laiá, laiá
(Laiá, laiá, laiá, laiá, laiá, lá)

Se até Deus
Sentiu desejo pra criar a Terra
E transformar o abismo em matéria
Qual é o problema de eu sentir vontade?

Não sei se fico, eu não sei se tô
Não sei se volto, eu não sei se tô
Não sei se fico, eu não sei se vou
Não sei se volto, eu não sei se vou

Se até Deus
Sentiu desejo pra criar a Terra
E transformar o abismo em matéria
Qual é o problema de eu sentir vontade, querida?

Oh, Chico, eu quero um cigarrinho aí
Quero um cigarrinho, aí
Alguém me dá um cigarrinho, aí
Tá faltando empatia
Tô precisando de um isqueiro agora";;;"sophia"
"18";;;"Neurose";;;"A tarefa interminável
Da distancia irredutível
Palavras são palácios
Pessoas são parentes sem vinculo

A tarefa interminável
Da distancia irredutível
Palavras são palácios
Pessoas são parentes sem vinculo

Não se questione
Meu amor não bote pra fuder
Não relacione, qualquer coisa nada é A mais B
Se der atenda o interfone
Não faça falta
Não seja o fim

A tarefa interminável
Da distancia irredutível
Palavras são palácios
Pessoas são parentes sem vinculo

Não se questione
Meu amor não bote pra fuder
Não relacione, qualquer coisa nada é A mais B
Se der atenda o interfone
Não faça falta
Não seja o fim

Neurose
Seu toque
Só volte com o rabo entre as pernas

Neurose
Seu toque
Só volte com o rabo

O rabo do rabo
O rabo da perna
A perna do rabo
Todo mundo tem";;;"sophia"
"19";;;"No princípio era o Verbo";;;"Toda palavra é um sopro
É flecha e escopo
Toda palavra é muralha e saída
Toda palavra é morta e é viva

Toda palavra tem gosto
Adocica a língua
Toda palavra começa e se finda
Toda palavra é mãe e é filha

Toda palavra carrega
Destrói, recria

Toda palavra é um sopro";;;"sophia"
"20";;;"Moças e Aeromoças";;;"Moças e as aeromoças
Garotas, garotas de programa de TV
Moças e as aeromoças
Garotas, garotas de programa de TV

O importante é reconhecer o belo
E ousar expressá-lo
E inserindo uma ordem efêmera
Que em todo universo
Que caiba na palavra talvez

Moças e as aeromoças
Garotas, garotas de programa de TV

O importante é reconhecer o belo
E ousar expressá-lo
O importante é reconhecer o belo
E ousar expressá-lo

Nas moças e nas aeromoças
Garotas, garotas de programa de TV";;;"sophia"
"21";;;"Minha Mãe É Perfeita";;;"Minha mãe é perfeita
Meu irmão é perfeito
Minha mãe é perfeita
Meu irmão é perfeito

Só eu e meu pai
Só eu e meu pai que temos de

Minha mãe é perfeita
Meu irmão é perfeito
Minha mãe é perfeita
Meu irmão é perfeito

Só eu e meu pai
Só eu e meu pai que temos defeitos";;;"sophia"
"22";;;"Deus Lindo";;;"Diz o quê
Atrás de Deus
Lindo, gospel, cospe em mim

Diz o quê
Atrás de Deus
Lindo, gospel, cospe em mim

Diz o quê
Atrás de Deus
Lindo, sexy
Penetração!";;;"sophia"
"23";;;"Fora do Meu Quarto";;;"Fora do meu quarto você está em qualquer lugar do mundo
Longe do meu peito qualquer canto pode ser melhor
Cada um tem sua maneira de fingir e estar bem

Longe, perto, longe, perto, dentro
Eu quero você dentro, de mim
Assim";;;"sophia"
"24";;;"Pop Cabecinha";;;"O tempo que eu perdi anotando o ritmo do pisca-alerta
Tentando decifrar quantas vezes o semáforo pisca até fechar
A quantidade de metros que faz uma roda ser gigante
E o índice de morte nas banheiras do Japão
Meio amor já basta pra acabar com a relação
Sofá é tão lo-fi

E as brigas dos casais que se unem só pra discutir
Me deixam refletindo se nós somos grandes interruptores de luz
Se eu sou mais Ravi Shankar ou Jesus

Procurando a acidez de fulano
Você sentiu (atenção)
Eu não disse nada demais
Água de beber
De mar
De mãe
De benção

Luxo só pura sopa
Luxo só pura sopa
Luxo só pura sopa
Luxo só pura sopa";;;"sophia"
"25";;;"Mesmo Assim";;;"Bem que eu queria te dizer
Nosso momento já passou
E foi no meio de uma merda
Eu preferia esquecer
Só aceitar que não rolou
Mas o passado não se enterra
O interesse se chocou
E a minha lábia não bastava
Carinho até que era bom e eu adorava tua casa

Sabe
Vai terminar
Do mesmo jeito que começou
Sem pé, nem cabeça, nem amor pra dar
Mesmo
Assim eu vou chorar
Porque eu finjo ser forte, mas tenho azar
Porque eu digo que saio, mas volto pra casa

Nosso momento já passou
E foi no meio de uma merda
Eu preferia esquecer
Só aceitar que não rolou
Mas o passado não se enterra

Sabe
Vai terminar
Do mesmo jeito que começou
Sem pé, nem cabeça, nem amor pra dar
Mesmo
Assim eu vou chorar
Porque eu finjo ser forte, mas tenho azar
Porque eu digo que saio, mas volto pra casa

Sabe
Vai terminar
Do mesmo jeito que começou
Sem pé, nem cabeça, nem amor pra dar
Mesmo
Assim eu vou chorar
Porque eu finjo ser forte, mas tenho azar
Porque eu digo que saio, mas volto pra casa";;;"sophia"
"26";;;"Cores da Tv";;;"Quero saber as cores
Quero saber as cores
Quero saber, quero saber
Quero saber

Já me escondi de tudo
De todos, de mim
Quero saber as cores
Da tela da televisão

Pelas paredes andam
As traças de casa
Aqui de dentro é cinza
Eu me sinto como uma previsão

Eu quero ir embora
Só eu e você agora
Brilhando as cores da TV

Eu quero ir embora
Só eu e você agora
Brilhando as cores da TV

Já me escondi de tudo
De todos, de mim
Quero saber as cores
Da tela da televisão

Pelas paredes andam
As traças de casa
Aqui de dentro é cinza (aqui de dentro)
Eu me sinto como uma previsão

Eu quero ir embora
Só eu e você agora
Brilhando as cores da TV

E vem
Hoje não tenho mais que me esconder (eu quero ir embora)
Eu vim correndo pelas ruas pra te ver (só eu e você agora)
Eu sinto tudo pode acontecer (brilhando as cores da TV)
Será que vai ser com as cores da TV";;;"sophia"
"27";;;"Carotida";;;"Qual é o gosto da matéria, o gosto do perdão?
O tempo da artéria, o pulsar da multidão?
Qual é a cara da miséria, coração pagão?
O compasso da gente, da gente, por quê?
A gente, pra quê?

Vou relevar tudo que não é
Vou me livrar do que sou
Vou relevar tudo que não é
Vou me livrar do que sou
Tanta coisa que cabe dentro de mim
Que às vezes eu acho que eu tô louco
Tenho medo de chegar perto do fim
Das extremidades do meu corpo, do meu corpo

Viver é uma pequena parte
De um grande universo chamado eu
Viver é uma pequena parte
De um grande universo chamado eu";;;"sophia"
"28";;;"Alguma Coisa";;;"Enquanto essa água do miojo não ferve
Vou pensando o que queria dizer
Alguma coisa pra você
Pra você ficar aqui

Alguma coisa minimamente interessante
Alguma coisa, qualquer coisa
Mas essa água não ferve
Mas quando ela ferver, você vai embora
Então é melhor que eu pense rápido alguma coisa interessante

E eu pensei em te elogiar, e eu pensei em te dizer que o seu cabelo é lindo
E eu pensei em te elogiar, e eu pensei em te dizer que a sua cara tá bonita hoje
Que você tem um papo diferente de todos os que tive essa semana
Mas eu sei que você já deve ter escutado isso

Eu queria te dizer algo que ninguém te disse
Mas eu acho que tudo que eu penso não é original
Ela não diz nada de original, coitada

E eu pensei em te elogiar, e eu pensei em te dizer que o seu cabelo é lindo
E eu pensei em te elogiar, e eu pensei em te dizer que a sua cara tá bonita hoje
Que você tem um papo diferente de todos os que tive essa semana
Mas eu sei que você já deve ter escutado isso

Eu queria te dizer algo que ninguém te disse
Mas eu acho que tudo que eu penso não é original";;;"sophia"
"29";;;"Pão Francês";;;"O dia acaba com bonsoir
E começa com bonjour
Ela me disse: Je t'aime
Eu só sei I love you
Ela me tem todas as respostas
Me pergunto sobre amanhã

Todo dia como vai
Ela: Ça va bien
Ela acorda às cinq
Eu às six da manhã
Eu prefiro nacional
E odeio Amélie Poulain

Peço pardon
Mas não gosto de Carla Bruni
Desliga o som
O que nos une é pão francês
Pão francês
Pão francês

Todo dia: Ça va bien
Ela acorda às cinq
Eu às six da manhã
Eu prefiro nacional
E odeio Amélie Poulain

O dia acaba com bonsoir
E começa com bonjour
Ela me disse: Je t'aime
Eu só sei I love you
Ela me tem todas as respostas
Me pergunto sobre amanhã

Peço pardon
Mas não gosto de Carla Bruni
Desliga o som
O que nos une é pão francês
Pão francês
Pão francês

O dia acaba com bonsoir
E começa com bonjour
Ela me disse: Je t'aime
Eu só sei I love you
Ela me tem todas as respostas
Me pergunto sobre amanhã
E eu me pergunto sobre amanhã";;;"sophia"
"30";;;"Curto/Tempo";;;"Curto passar tempo, curto passar tempo
Curto passar o tempo curto
Curto passar tempo, curto passar tempo
O tempo curto
Curto passar tempo, curto passar tempo
Passar o tempo curto
Curto passar tempo, curto passar tempo
Curto passar o tempo curto

Com você
Com você
Com você

Curto passar tempo, curto passar tempo
Passar o tempo curto
Curto passar tempo, curto passar tempo
Curto passar o tempo curto
Curto passar tempo, curto passar tempo
O tempo curto
Curto passar tempo, curto passar tempo
O tempo curto

Com você
Com você
Com você";;;"sophia"
"31";;;"Vamos Indo";;;"Se pá, que eu não quero sair daqui nem de outro lugar
Vai ver, é melhor desligar
Feliz, é quem ainda pode dizer
Vamos indo, vamos indo, vamos indo, vamos indo
Vamos indo, vamos indo, vamos indo

Se pá, que eu não quero sair daqui nem de outro lugar
Vai ver, é melhor desligar
Feliz, é quem ainda pode dizer
Vamos indo, vamos indo, vamos indo, vamos indo
Vamos indo, vamos indo, vamos indo

Se pá, que eu não quero sair daqui nem de outro lugar
Vai ver, é melhor desligar
Feliz, é quem ainda pode dizer
Vamos indo, vamos indo, vamos indo, vamos indo
Vamos indo, vamos indo, vamos indo

Se pá, que eu não quero sair daqui nem de outro lugar
Vai ver, é melhor desligar
Feliz, é quem ainda pode dizer
Vamos indo, vamos indo, vamos indo, vamos indo
Vamos indo, vamos indo, vamos indo

Se pá, que eu não quero sair daqui nem de outro lugar
Vai ver, é melhor desligar
Feliz, é quem ainda pode dizer
Vamos indo, vamos indo, vamos indo, vamos indo
Vamos indo, vamos indo, vamos indo

Se pá, que eu não quero sair daqui nem de outro lugar
Vai ver, é melhor desligar
Feliz, é quem ainda pode dizer
Vamos indo, vamos indo, vamos indo, vamos indo
Vamos indo, vamos indo, vamos indo";;;"sophia"
"32";;;"Música 7";;;"Já é tarde a minha hora, o diabo já chamou
As luzes da cidade iluminam a procissão
Já é tarde a minha hora, o diabo já chamou
As luzes da cidade iluminam a procissão

Na rua, a multidão
Pedras e santas na mão, coisas a se repetir
Sem crer a Deus até o fim
Na rua, a multidão
Pedras e santas na mão, coisas a se repetir
Sem crer a Deus até o fim

Já é tarde a minha hora, o diabo já chamou
As luzes da cidade iluminam a procissão";;;"sophia"
"33";;;"Pele";;;"Omoplatas, tua pele magra e cheia de pintas
Sem decoro algum
Houve um princípio, tem gosto de sal a sua pele

Omoplatas, tua pele magra e cheia de pintas
Sem decoro algum
Houve um princípio, tem gosto de sal a sua pele

Sou refém dos seus beijos azuis
Dias rosas passam pela janela
Seis da tarde, hora feroz
Seus olhos vermelhos me pedem consolo
Meus olhos pretos, perdão
As nuvens sustentam nossas lágrimas
Suas omoplatas

Houve um princípio, tem gosto de sal a sua pele
Como placas, tua pele magra e cheia de pintas
Sem decoro algum
Houve um princípio, tem gosto de sal a sua pele

Sou refém dos seus beijos azuis
Dias rosas passam pela janela
Seis da tarde, hora feroz
Seus olhos vermelhos me pedem consolo
Meus olhos pretos, perdão
As nuvens sustentam nossas lágrimas
Suas omoplatas não";;;"sophia"
"34";;;"Dia Útil";;;"Você diz que me quer de dia útil
Inútil me sinto quando estou só
Perdoa amor o meu jeito fútil
Tristeza é um dom pra quem sabe chorar

Em seu frenesi, não há espaço pra dúvida
Teu jeito criança me criou rugas
Quis escrever a letra mais vanguardista
Pra tentar esconder meu amor ordinário

Os seus beijos me fazem pensar que você não vai
Mas seu toque me mostra, que você já foi, até mais

Em seu frenesi, não há espaço pra dúvida
Meu jeito criança te criou rugas
Quis escrever a letra mais vanguardista
Pra tentar esconder meu amor ordinário

Os seus beijos me fazem pensar que você não vai
Mas seu toque me mostra, que você já foi, até mais

Você diz que me quer de dia útil
Inútil me sinto quando estou só
Perdoa amor o meu jeito fútil
Tristeza é um dom pra quem sabe chorar";;;"sophia"
"35";;;"Seus Vazios";;;"Seus olhos castanhos, me olham estranhos
Sua mão, sua língua, suas coxas
São suas e também de outras
São milhares de forças, as trilhas do querer
Eu preciso saber dos seus vazios
E deixar pela primeira vez que alguém saiba dos meus

E são novos caminhos, eu sou tão sozinho
Meu medo, minha coragem
Silêncio por toda parte

Seus olhos castanhos, me olham estranhos
Sua mão, sua língua, suas coxas
São suas e também de outras
São milhares de forças, as trilhas do querer
Eu preciso saber dos seus vazios
E deixar pela primeira vez que alguém saiba dos meus

E são novos caminhos, eu sou tão sozinho
Meu medo, minha coragem
Silêncio por toda parte

Seus olhos castanhos não são só seus
Me sento e percebo, não os controlo
E agora, e agora não quero entender
Paixão é um jeito de medo
Amor, seus mistérios voraz, torpedo
Coisas que vi por aí, tenho certeza das coisas que não sei

Me sinto pronto pra morrer, me sinto pronto pra morrer
Me sinto pronto pra morrer, me sinto pronto pra morrer

Seus olhos castanhos não são só seus";;;"sophia"
"36";;;"Andromeda";;;"Silêncio
E o que não der
Deixa pra depois
Estar a sós
Estar a dois
Viajo por andrômeda
Entre os qualquer lençóis

Antes da multidão a gente se encontra
Explodir de amor no carnaval
Dentro dos seus olhos tudo fica mais carnal
Dentro dos seus olhos posso ver o carnaval

Dentro dos seus olhos tudo fica mais carnal
Dentro dos seus olhos posso ver o carnaval
Dentro dos seus olhos tudo fica mais carnal
Dentro dos seus olhos eu vi
Dentro dos seus olhos

Silêncio
E o que não der
Deixa pra depois
Estar a sós
Estar a dois
Viajo por andrômeda
Entre os qualquer lençóis

Antes da multidão a gente se encontra
Explodir de amor no carnaval
Dentro dos seus olhos tudo fica mais carnal
Dentro dos seus olhos posso ver o carnaval
Dentro dos seus olhos tudo fica mais carnal
Dentro dos seus olhos posso ver o carnaval

Dentro dos seus olhos tudo fica mais carnal
Dentro dos seus olhos posso ver o carnaval
Dentro dos seus olhos tudo fica mais carnal
Dentro dos seus olhos posso ver o carnaval
Dentro dos seus olhos tudo fica mais carnal

Dentro dos seus olhos posso ver o carnaval
Dentro dos seus olhos tudo fica mais carnal
Dentro dos seus olhos posso ver o carnaval
Dentro dos seus olhos tudo fica mais carnal
Dentro dos seus olhos posso ver o carnaval";;;"sophia"
"37";;;"Torquato";;;"Torquato sentou, quase às quatro
Esperando a sua visita, sua visita favorita chegaria
As quatro da tarde, sentado, olho vidrado no relógio
Tentava o encarar sem que o relógio percebesse

Pro tempo não passar mais devagar, preparou um café
Comprou até biscoitos, esperava, sentado, aflito e afoito
Quase quatro da tarde, olhou de relance
O relógio para provocar, parou por um instante

Passou despercebido pelo ponteiro, interfonou para o porteiro
Para certificar a demora e o porteiro logo disse
Tem ninguém aqui fora! Torquato, tímido, não queria reclamar
Mas o ponteiro não parava de girar

E a espera foi deixando Torquato meio louco
Será que ela não vem? Será que ela não vem?

Para de ser nostálgico, Torquato
Toda quarta você se porta assim
Não se porte perante a porta desse jeito, senão será seu fim
Para de ser nostálgico, Torquato
Toda quarta você se porta assim
Não se porte perante a porta desse jeito, senão será seu fim

Torquato, resolveu me ignorar
Era dia de quarta, era dia de esperar
E a visita não chegava, não passava pela porta
Muito menos pela entrada, não apertava o botão

Mais minutos de espera e Torquato agonizava no chão
Ela não vem mais, Torquato
Perceba o relógio marca bem mais que quatro
Você espera tão compulsivamente, que dá vontade de falar
Dessa sua espera para toda gente

Até o relógio tá zombando de você
Tá todo mundo vendo que você é louco

Torquato, se liga
Você não vai ver a sua visita favorita, ela não vai vir hoje
Nem na próxima quarta, ela, também, dessa espera está farta
Por que você não manda um email? Uma mensagem?
Uma carta? Um telegrama? Sei lá, Torquato, grita!
Torquato, chama!

Torquato me ignorou de novo
Preferiu pensar que estava certo
E toda quarta-feira tenta de novo o seu método
Faz seu café, liga para o porteiro, confere o elevador
E a visita nunca vai chegar, porque Torquato esqueceu de enviar
Porque Torquato esqueceu de enviar o endereço";;;"sophia"
"38";;;"Danilo Baratão";;;"Danilo acordou na contramão
Entre buzinas e xingamentos
Desceu pelo elevador, sua cama coberta de cimento
A vizinha virou um farol, o porteiro virou esquina
Danilo resolveu reclamar, foi procurar a síndica
A síndica virou um apito, do guarda civil que multava
Não é permitido dormir na via
Se Danilo fosse carro, guinchava

Saiu correndo com medo da multa
Aproveitou xingou o guarda de filho da puta
(Filho da puta)
Saiu correndo com medo da multa
Aproveitou xingou o guarda de filho da puta
(Filho da puta)

Danilo de repente percebeu que era apenas um tachão refletivo
Tartaruga bate bota, finalização fora de moda
Metamorfose de kafka, ele era barata
Danilo baratão, Danilo baratão, Danilo
Enfeitiçado pelo seu próprio trânsito, ignorado pelos motoristas de ônibus
Danilo adormece na rua
Com ódio da síndica e do guarda civil, filho da puta

Danilo acordou na contramão
Entre buzinas e xingamentos
Desceu pelo elevador, sua cama coberta de cimento
A vizinha virou um farol, porteiro virou esquina
Danilo resolveu reclamar, foi procurar a síndica
A síndica virou um apito, do guarda civil que multava
Não é permitido dormir na via
Se Danilo fosse carro, guinchava

Saiu correndo com medo da multa
Aproveitou xingou o guarda de filho da puta
(Filho da puta)
Saiu correndo com medo da multa
Aproveitou xingou o guarda de filho da puta
(Filho da puta)

Danilo de repente percebeu que era apenas um tachão refletivo
Tartaruga bate bota, finalização fora de moda
Metamorfose de kafka, ele era barata
Danilo baratão, Danilo baratão, Danilo
Enfeitiçado pelo seu próprio trânsito
Ignorado pelos motoristas de ônibus
Danilo adormece na rua
Com ódio da síndica e do guarda civil, filho da puta

Danilo baratão, Danilo baratão
Danilo baratão, Danilo baratão, Danilo
Danilo baratão, Danilo baratão
Danilo baratão, Danilo baratão, Danilo";;;"sophia"
"39";;;"Quantos serão no final?";;;"Lá vem como uma estrela
um cometa, uma força destrutiva
ela vai cair, ela vai fazer você cair em si

Lá vem como uma ideia
não pergunta, não hesita, te desmancha,
não te pica, ela te fere, te acaba e não tem vida pra viver

Ela quer te matar,
ela nasceu pra morrer

Bomba de gás, mísseis e mais
Quantos Omar morrerão?
Bomba de gás, mísseis e mais
Quantos serão no final?

Lá vem como uma estrela
um cometa, uma força destrutiva
ela vai cair, ela vai fazer você cair em si

Lá vem como uma ideia
não pergunta, não hesita, te desmancha,
não te pica, ela te fere, te acaba e não tem vida pra viver

Ela quer te matar,
ela nasceu pra morrer

Bomba de gás, mísseis e mais
Quantos Omar morrerão?
Bomba de gás, mísseis e mais
Quantos serão no final?
";;;"sophia"
"40";;;"Canção do retorno";;;"Quando você pôr os pés no seu país
Quando você caminhar pela praça
Quando você reparar que foram derrubadas as estátuas
de um grande ditador

Não vai chorar e nem saber
o que dizer
Você voltou, você venceu
Sua revanche, sua glória
É mais um passo nesse espaço
É mais um metro da fronteira
Um horizonte, uma palavra, uma cidade inteira

Que cai ao seus pés (que caiam aos seus pés),
Que pede perdão (que te peçam perdão)
E que amanhã amanhece igual

E que amanhã amanheçam iguais";;;"sophia"
"41";;;"Quantos serão no final?";;;"Lá vem como uma estrela
um cometa, uma força destrutiva
ela vai cair, ela vai fazer você cair em si

Lá vem como uma ideia
não pergunta, não hesita, te desmancha,
não te pica, ela te fere, te acaba e não tem vida pra viver

Ela quer te matar,
ela nasceu pra morrer

Bomba de gás, mísseis e mais
Quantos Omar morrerão?
Bomba de gás, mísseis e mais
Quantos serão no final?

Lá vem como uma estrela
um cometa, uma força destrutiva
ela vai cair, ela vai fazer você cair em si

Lá vem como uma ideia
não pergunta, não hesita, te desmancha,
não te pica, ela te fere, te acaba e não tem vida pra viver

Ela quer te matar,
ela nasceu pra morrer

Bomba de gás, mísseis e mais
Quantos Omar morrerão?
Bomba de gás, mísseis e mais
Quantos serão no final?
";;;"sophia"
"42";;;"Canção do retorno";;;"Quando você pôr os pés no seu país
Quando você caminhar pela praça
Quando você reparar que foram derrubadas as estátuas
de um grande ditador

Não vai chorar e nem saber
o que dizer
Você voltou, você venceu
Sua revanche, sua glória
É mais um passo nesse espaço
É mais um metro da fronteira
Um horizonte, uma palavra, uma cidade inteira

Que cai ao seus pés (que caiam aos seus pés),
Que pede perdão (que te peçam perdão)
E que amanhã amanhece igual

E que amanhã amanheçam iguais";;;"sophia"
"43";;;"Quantos serão no final?";;;"Lá vem como uma estrela
um cometa, uma força destrutiva
ela vai cair, ela vai fazer você cair em si

Lá vem como uma ideia
não pergunta, não hesita, te desmancha,
não te pica, ela te fere, te acaba e não tem vida pra viver

Ela quer te matar,
ela nasceu pra morrer

Bomba de gás, mísseis e mais
Quantos Omar morrerão?
Bomba de gás, mísseis e mais
Quantos serão no final?

Lá vem como uma estrela
um cometa, uma força destrutiva
ela vai cair, ela vai fazer você cair em si

Lá vem como uma ideia
não pergunta, não hesita, te desmancha,
não te pica, ela te fere, te acaba e não tem vida pra viver

Ela quer te matar,
ela nasceu pra morrer

Bomba de gás, mísseis e mais
Quantos Omar morrerão?
Bomba de gás, mísseis e mais
Quantos serão no final?
";;;"sophia"
"44";;;"Canção do retorno";;;"Quando você pôr os pés no seu país
Quando você caminhar pela praça
Quando você reparar que foram derrubadas as estátuas
de um grande ditador

Não vai chorar e nem saber
o que dizer
Você voltou, você venceu
Sua revanche, sua glória
É mais um passo nesse espaço
É mais um metro da fronteira
Um horizonte, uma palavra, uma cidade inteira

Que cai ao seus pés (que caiam aos seus pés),
Que pede perdão (que te peçam perdão)
E que amanhã amanhece igual

E que amanhã amanheçam iguais";;;"sophia"
